<?xml version="1.0"?>
<ObjectList>
		<Object>
			<Rect x="111" y="53" width="24" height="71"/>
		</Object>
		<Object>
			<Rect x="143" y="56" width="25" height="65"/>
		</Object>
		<Object>
			<Rect x="112" y="77" width="31" height="93"/>
		</Object>
		<Object>
			<Rect x="111" y="141" width="40" height="123"/>
		</Object>
		<Object>
			<Rect x="189" y="79" width="32" height="92"/>
		</Object>
		<Object>
			<Rect x="147" y="145" width="40" height="120"/>
		</Object>
		<Object>
			<Rect x="198" y="139" width="42" height="130"/>
		</Object>
		<Object>
			<Rect x="232" y="147" width="40" height="117"/>
		</Object>
</ObjectList>
