<?xml version="1.0"?>
<ObjectList>
		<Object>
			<Rect x="97" y="24" width="20" height="50"/>
		</Object>
		<Object>
			<Rect x="126" y="25" width="22" height="54"/>
		</Object>
		<Object>
			<Rect x="80" y="77" width="34" height="85"/>
		</Object>
		<Object>
			<Rect x="123" y="81" width="31" height="79"/>
		</Object>
		<Object>
			<Rect x="108" y="143" width="44" height="130"/>
		</Object>
		<Object>
			<Rect x="214" y="141" width="55" height="144"/>
		</Object>
		<Object>
			<Rect x="133" y="213" width="66" height="71"/>
		</Object>
		<Object>
			<Rect x="209" y="215" width="70" height="70"/>
		</Object>
</ObjectList>
