<?xml version="1.0"?>
<ObjectList>
		<Object>
			<Rect x="94" y="36" width="24" height="64"/>
		</Object>
		<Object>
			<Rect x="137" y="36" width="25" height="67"/>
		</Object>
		<Object>
			<Rect x="81" y="94" width="39" height="107"/>
		</Object>
		<Object>
			<Rect x="86" y="148" width="43" height="124"/>
		</Object>
		<Object>
			<Rect x="140" y="145" width="41" height="120"/>
		</Object>
		<Object>
			<Rect x="177" y="116" width="37" height="110"/>
		</Object>
		<Object>
			<Rect x="217" y="116" width="39" height="110"/>
		</Object>
		<Object>
			<Rect x="217" y="164" width="43" height="119"/>
		</Object>
</ObjectList>
