<?xml version="1.0"?>
<ObjectList>
		<Object>
			<Rect x="110" y="53" width="26" height="68"/>
		</Object>
		<Object>
			<Rect x="141" y="55" width="26" height="67"/>
		</Object>
		<Object>
			<Rect x="110" y="77" width="35" height="98"/>
		</Object>
		<Object>
			<Rect x="188" y="78" width="36" height="97"/>
		</Object>
		<Object>
			<Rect x="115" y="138" width="39" height="125"/>
		</Object>
		<Object>
			<Rect x="147" y="144" width="40" height="120"/>
		</Object>
		<Object>
			<Rect x="193" y="139" width="45" height="125"/>
		</Object>
		<Object>
			<Rect x="233" y="147" width="39" height="117"/>
		</Object>
</ObjectList>
