<?xml version="1.0"?>
<ObjectList>
		<Object>
			<Rect x="111" y="39" width="22" height="55"/>
		</Object>
		<Object>
			<Rect x="134" y="39" width="25" height="56"/>
		</Object>
		<Object>
			<Rect x="98" y="83" width="36" height="92"/>
		</Object>
		<Object>
			<Rect x="128" y="117" width="53" height="126"/>
		</Object>
		<Object>
			<Rect x="149" y="88" width="29" height="84"/>
		</Object>
		<Object>
			<Rect x="177" y="85" width="33" height="90"/>
		</Object>
		<Object>
			<Rect x="214" y="90" width="32" height="87"/>
		</Object>
		<Object>
			<Rect x="216" y="119" width="46" height="129"/>
		</Object>
</ObjectList>
