<?xml version="1.0"?>
<ObjectList>
		<Object>
			<Rect x="106" y="42" width="22" height="61"/>
		</Object>
		<Object>
			<Rect x="134" y="41" width="22" height="59"/>
		</Object>
		<Object>
			<Rect x="97" y="92" width="34" height="90"/>
		</Object>
		<Object>
			<Rect x="123" y="106" width="42" height="120"/>
		</Object>
		<Object>
			<Rect x="168" y="99" width="34" height="89"/>
		</Object>
		<Object>
			<Rect x="202" y="90" width="38" height="95"/>
		</Object>
		<Object>
			<Rect x="235" y="99" width="31" height="86"/>
		</Object>
		<Object>
			<Rect x="205" y="112" width="44" height="121"/>
		</Object>
</ObjectList>
