<?xml version="1.0"?>
<ObjectList>
		<Object>
			<Rect x="93" y="44" width="25" height="69"/>
		</Object>
		<Object>
			<Rect x="151" y="42" width="25" height="67"/>
		</Object>
		<Object>
			<Rect x="147" y="96" width="32" height="95"/>
		</Object>
		<Object>
			<Rect x="136" y="116" width="37" height="112"/>
		</Object>
		<Object>
			<Rect x="184" y="95" width="34" height="93"/>
		</Object>
		<Object>
			<Rect x="100" y="202" width="57" height="85"/>
		</Object>
		<Object>
			<Rect x="154" y="201" width="59" height="84"/>
		</Object>
</ObjectList>
