<?xml version="1.0"?>
<ObjectList>
		<Object>
			<Rect x="112" y="52" width="22" height="67"/>
		</Object>
		<Object>
			<Rect x="139" y="53" width="24" height="66"/>
		</Object>
		<Object>
			<Rect x="115" y="78" width="32" height="92"/>
		</Object>
		<Object>
			<Rect x="190" y="80" width="36" height="91"/>
		</Object>
		<Object>
			<Rect x="115" y="135" width="40" height="124"/>
		</Object>
		<Object>
			<Rect x="147" y="138" width="41" height="121"/>
		</Object>
		<Object>
			<Rect x="190" y="138" width="45" height="123"/>
		</Object>
		<Object>
			<Rect x="233" y="142" width="41" height="119"/>
		</Object>
</ObjectList>
