<?xml version="1.0"?>
<ObjectList>
		<Object>
			<Rect x="92" y="26" width="22" height="54"/>
		</Object>
		<Object>
			<Rect x="131" y="28" width="22" height="53"/>
		</Object>
		<Object>
			<Rect x="87" y="91" width="30" height="89"/>
		</Object>
		<Object>
			<Rect x="124" y="95" width="34" height="87"/>
		</Object>
		<Object>
			<Rect x="135" y="119" width="44" height="132"/>
		</Object>
		<Object>
			<Rect x="90" y="172" width="54" height="112"/>
		</Object>
		<Object>
			<Rect x="132" y="179" width="57" height="107"/>
		</Object>
		<Object>
			<Rect x="217" y="179" width="59" height="106"/>
		</Object>
</ObjectList>
