<?xml version="1.0"?>
<ObjectList>
		<Object>
			<Rect x="80" y="88" width="30" height="88"/>
		</Object>
		<Object>
			<Rect x="105" y="80" width="38" height="96"/>
		</Object>
		<Object>
			<Rect x="144" y="81" width="32" height="94"/>
		</Object>
		<Object>
			<Rect x="84" y="109" width="44" height="119"/>
		</Object>
		<Object>
			<Rect x="180" y="110" width="45" height="130"/>
		</Object>
		<Object>
			<Rect x="239" y="112" width="44" height="124"/>
		</Object>
</ObjectList>
