<?xml version="1.0"?>
<ObjectList>
		<Object>
			<Rect x="75" y="82" width="28" height="83"/>
		</Object>
		<Object>
			<Rect x="102" y="75" width="34" height="90"/>
		</Object>
		<Object>
			<Rect x="142" y="79" width="33" height="87"/>
		</Object>
		<Object>
			<Rect x="185" y="98" width="45" height="120"/>
		</Object>
		<Object>
			<Rect x="247" y="105" width="43" height="114"/>
		</Object>
		<Object>
			<Rect x="91" y="126" width="44" height="133"/>
		</Object>
</ObjectList>
